{"stats":{"minecraft:dropped":{"minecraft:apple":1,"minecraft:cooked_mutton":2,"minecraft:wooden_axe":2,"minecraft:spruce_log":13,"minecraft:wooden_pickaxe":2},"minecraft:crafted":{"minecraft:oak_planks":128,"minecraft:crafting_table":1,"minecraft:wooden_pickaxe":1,"minecraft:furnace":1,"minecraft:stone_axe":2,"minecraft:cooked_mutton":20,"minecraft:air":0,"minecraft:stick":8,"minecraft:stone_pickaxe":1,"minecraft:wooden_axe":1,"minecraft:white_bed":1},"minecraft:mined":{"minecraft:white_bed":1,"minecraft:crafting_table":5,"minecraft:grass_block":3,"minecraft:copper_ore":15,"minecraft:tall_grass":6,"minecraft:oak_planks":1,"minecraft:furnace":1,"minecraft:iron_ore":18,"minecraft:spruce_log":2,"minecraft:grass":8,"minecraft:oak_log":19,"minecraft:coal_ore":21,"minecraft:stone":33,"minecraft:oak_leaves":5},"minecraft:used":{"minecraft:cooked_mutton":3,"minecraft:stone_pickaxe":79,"minecraft:oak_planks":39,"minecraft:wooden_pickaxe":10,"minecraft:dirt":3,"minecraft:crafting_table":5,"minecraft:white_bed":1,"minecraft:wooden_axe":1,"minecraft:apple":4,"minecraft:stone_axe":78,"minecraft:cobblestone":12,"minecraft:oak_sapling":12,"minecraft:furnace":1},"minecraft:custom":{"minecraft:interact_with_furnace":5,"minecraft:mob_kills":43,"minecraft:interact_with_crafting_table":8,"minecraft:leave_game":2,"minecraft:time_since_death":29233,"minecraft:sleep_in_bed":1,"minecraft:time_since_rest":9962,"minecraft:sprint_one_cm":85327,"minecraft:damage_taken":840,"minecraft:walk_one_cm":29533,"minecraft:drop":11,"minecraft:damage_dealt":4129,"minecraft:fly_one_cm":150972,"minecraft:crouch_one_cm":5614,"minecraft:play_time":33302,"minecraft:deaths":2,"minecraft:sneak_time":2167,"minecraft:jump":741,"minecraft:walk_on_water_one_cm":107,"minecraft:total_world_time":33302,"minecraft:fall_one_cm":29232},"minecraft:killed":{"minecraft:pig":8,"minecraft:spider":2,"minecraft:sheep":26,"minecraft:zombie":1,"minecraft:chicken":1,"minecraft:cow":5},"minecraft:picked_up":{"minecraft:wooden_axe":1,"minecraft:crafting_table":5,"minecraft:feather":1,"minecraft:chicken":1,"minecraft:brown_wool":2,"minecraft:leather":7,"minecraft:wooden_pickaxe":1,"minecraft:oak_log":96,"minecraft:dirt":44,"minecraft:string":4,"minecraft:raw_copper":48,"minecraft:cooked_mutton":2,"minecraft:apple":6,"minecraft:wheat_seeds":2,"minecraft:beef":9,"minecraft:light_gray_wool":1,"minecraft:oak_planks":1,"minecraft:furnace":1,"minecraft:stick":45,"minecraft:raw_iron":18,"minecraft:porkchop":17,"minecraft:spruce_sapling":6,"minecraft:white_bed":1,"minecraft:spruce_log":13,"minecraft:gray_wool":2,"minecraft:oak_sapling":50,"minecraft:black_wool":4,"minecraft:mutton":42,"minecraft:coal":39,"minecraft:white_wool":17,"minecraft:cobblestone":35}},"DataVersion":3105}