{"stats":{"minecraft:killed_by":{"minecraft:skeleton":1,"minecraft:zombie":2},"minecraft:crafted":{"minecraft:oak_planks":56,"minecraft:crafting_table":2,"minecraft:stick":4,"minecraft:wooden_pickaxe":1,"minecraft:white_bed":1,"minecraft:stone_axe":1},"minecraft:killed":{"minecraft:sheep":5,"minecraft:skeleton":1,"minecraft:zombie":1,"minecraft:chicken":3,"minecraft:cow":1},"minecraft:mined":{"minecraft:dandelion":1,"minecraft:grass":14,"minecraft:grass_block":5,"minecraft:oak_log":8,"minecraft:dirt":9,"minecraft:tall_grass":6,"minecraft:stone":3},"minecraft:used":{"minecraft:oak_log":2,"minecraft:wooden_pickaxe":5,"minecraft:stone_axe":26,"minecraft:dirt":13,"minecraft:crafting_table":2,"minecraft:white_bed":1},"minecraft:custom":{"minecraft:time_since_rest":6623,"minecraft:sprint_one_cm":24942,"minecraft:damage_taken":910,"minecraft:walk_one_cm":11988,"minecraft:mob_kills":11,"minecraft:damage_dealt":1261,"minecraft:interact_with_crafting_table":4,"minecraft:fly_one_cm":53064,"minecraft:crouch_one_cm":447,"minecraft:play_time":35257,"minecraft:deaths":3,"minecraft:sneak_time":394,"minecraft:jump":228,"minecraft:leave_game":2,"minecraft:time_since_death":9840,"minecraft:sleep_in_bed":1,"minecraft:total_world_time":35257,"minecraft:fall_one_cm":7084},"minecraft:picked_up":{"minecraft:stick":3,"minecraft:feather":4,"minecraft:chicken":3,"minecraft:leather":1,"minecraft:dandelion":1,"minecraft:wooden_pickaxe":1,"minecraft:oak_log":16,"minecraft:dirt":15,"minecraft:arrow":1,"minecraft:rotten_flesh":2,"minecraft:apple":1,"minecraft:beef":2,"minecraft:oak_sapling":5,"minecraft:mutton":8,"minecraft:oak_planks":3,"minecraft:white_wool":5,"minecraft:cobblestone":3}},"DataVersion":3105}